-100,100,-100,-0.317149255,-0.117044258,-0.201729647
-100,80,-100,-0.336591214,-0.082643201,-0.207388983
-100,60,-100,-0.349660564,-0.054701725,-0.203853239
-100,40,-100,-0.357877829,-0.033429736,-0.199868308
-100,20,-100,-0.362404003,-0.01586274,-0.197201288
-100,0,-100,-0.363847187,-5.53789E-05,-0.196278543
-100,-20,-100,-0.362404003,0.01586274,-0.197201288
-100,-40,-100,-0.357877829,0.033429736,-0.199868308
-100,-60,-100,-0.349660564,0.054701725,-0.203853239
-100,-80,-100,-0.336591214,0.082643201,-0.207388983
-100,-100,-100,-0.317149255,0.117044258,-0.201729647
-100,100,-80,-0.285048795,-0.107342228,-0.16701598
-100,80,-80,-0.303516687,-0.080667134,-0.174965371
-100,60,-80,-0.316757142,-0.056308948,-0.177237938
-100,40,-80,-0.325462472,-0.035393723,-0.177017457
-100,20,-80,-0.330370392,-0.01702666,-0.176322006
-100,0,-80,-0.33195115,-6.50515E-05,-0.176010687
-100,-20,-80,-0.330370392,0.01702666,-0.176322006
-100,-40,-80,-0.325462472,0.035393723,-0.177017457
-100,-60,-80,-0.316757142,0.056308948,-0.177237938
-100,-80,-80,-0.303516687,0.080667134,-0.174965371
-100,-100,-80,-0.285048795,0.107342228,-0.16701598
-100,100,-60,-0.253798806,-0.096235788,-0.14249087
-100,80,-60,-0.271111791,-0.075204137,-0.150708496
-100,60,-60,-0.284011965,-0.054484601,-0.154971117
-100,40,-60,-0.29278223,-0.035134131,-0.156753108
-100,20,-60,-0.297832635,-0.017140129,-0.157332414
-100,0,-60,-0.29947517,-7.44905E-05,-0.157448092
-100,-20,-60,-0.297832635,0.017140129,-0.157332414
-100,-40,-60,-0.29278223,0.035134131,-0.156753108
-100,-60,-60,-0.284011965,0.054484601,-0.154971117
-100,-80,-60,-0.271111791,0.075204137,-0.150708496
-100,-100,-60,-0.253798806,0.096235788,-0.14249087
-100,100,-40,-0.227739744,-0.086297736,-0.125419688
-100,80,-40,-0.244026981,-0.069072146,-0.133127379
-100,60,-40,-0.256455525,-0.051233315,-0.137930314
-100,40,-40,-0.265093178,-0.033650814,-0.140581999
-100,20,-40,-0.270147004,-0.016598833,-0.141835719
-100,0,-40,-0.271803109,-8.3047E-05,-0.142196437
-100,-20,-40,-0.270147004,0.016598833,-0.141835719
-100,-40,-40,-0.265093178,0.033650814,-0.140581999
-100,-60,-40,-0.256455525,0.051233315,-0.137930314
-100,-80,-40,-0.244026981,0.069072146,-0.133127379
-100,-100,-40,-0.227739744,0.086297736,-0.125419688
-100,100,-20,-0.204647959,-0.077526152,-0.11361717
-100,80,-20,-0.219984561,-0.063053609,-0.120668554
-100,60,-20,-0.231892705,-0.047507022,-0.125474927
-100,40,-20,-0.240302645,-0.031603726,-0.128438699
-100,20,-20,-0.2452823,-0.015713173,-0.130001416
-100,0,-20,-0.246923336,-9.00582E-05,-0.130484335
-100,-20,-20,-0.2452823,0.015713173,-0.130001416
-100,-40,-20,-0.240302645,0.031603726,-0.128438699
-100,-60,-20,-0.231892705,0.047507022,-0.125474927
-100,-80,-20,-0.219984561,0.063053609,-0.120668554
-100,-100,-20,-0.204647959,0.077526152,-0.11361717
-100,100,0,-0.183066881,-0.069701847,-0.105357891
-100,80,0,-0.197463475,-0.057347159,-0.111851962
-100,60,0,-0.20880228,-0.043688826,-0.116517265
-100,40,0,-0.216914661,-0.029328958,-0.119568878
-100,20,0,-0.221764571,-0.014664991,-0.121265282
-100,0,0,-0.223369848,-9.49219E-05,-0.121805413
-100,-20,0,-0.221764571,0.014664991,-0.121265282
-100,-40,0,-0.216914661,0.029328958,-0.119568878
-100,-60,0,-0.20880228,0.043688826,-0.116517265
-100,-80,0,-0.197463475,0.057347159,-0.111851962
-100,-100,0,-0.183066881,0.069701847,-0.105357891
-100,100,20,-0.162161389,-0.062557926,-0.099260378
-100,80,20,-0.17556993,-0.051927079,-0.105359343
-100,60,20,-0.186261477,-0.039891347,-0.109895824
-100,40,20,-0.193995457,-0.026962117,-0.112973079
-100,20,20,-0.198657101,-0.013538058,-0.114737261
-100,0,20,-0.200205954,-9.71782E-05,-0.115308484
-100,-20,20,-0.198657101,0.013538058,-0.114737261
-100,-40,20,-0.193995457,0.026962117,-0.112973079
-100,-60,20,-0.186261477,0.039891347,-0.109895824
-100,-80,20,-0.17556993,0.051927079,-0.105359343
-100,-100,20,-0.162161389,0.062557926,-0.099260378
-100,100,40,-0.141574912,-0.055865968,-0.09422304
-100,80,40,-0.153905869,-0.04670587,-0.100066426
-100,60,40,-0.163843912,-0.036118821,-0.104523476
-100,40,40,-0.171100965,-0.024542652,-0.107623074
-100,20,40,-0.175505661,-0.012363096,-0.109436203
-100,0,40,-0.176974071,-9.65918E-05,-0.110029591
-100,-20,40,-0.175505661,0.012363096,-0.109436203
-100,-40,40,-0.171100965,0.024542652,-0.107623074
-100,-60,40,-0.163843912,0.036118821,-0.104523476
-100,-80,40,-0.153905869,0.04670587,-0.100066426
-100,-100,40,-0.141574912,0.055865968,-0.09422304
-100,100,60,-0.121307255,-0.049471544,-0.089399319
-100,80,60,-0.132454673,-0.041610742,-0.095070011
-100,60,60,-0.141522588,-0.032354611,-0.099477897
-100,40,60,-0.148197407,-0.022080081,-0.102599381
-100,20,60,-0.152272655,-0.011151549,-0.104451716
-100,0,60,-0.15363502,-9.32021E-05,-0.105062036
-100,-20,60,-0.152272655,0.011151549,-0.104451716
-100,-40,60,-0.148197407,0.022080081,-0.102599381
-100,-60,60,-0.141522588,0.032354611,-0.099477897
-100,-80,60,-0.132454673,0.041610742,-0.095070011
-100,-100,60,-0.121307255,0.049471544,-0.089399319
-100,100,80,-0.101607255,-0.04330107,-0.084193342
-100,80,80,-0.111473314,-0.036612468,-0.089711094
-100,60,80,-0.119565313,-0.028600176,-0.094063352
-100,40,80,-0.125562744,-0.019588328,-0.097187087
-100,20,80,-0.129242743,-0.009914392,-0.099060377
-100,0,80,-0.130475913,-8.73109E-05,-0.09968049
-100,-20,80,-0.129242743,0.009914392,-0.099060377
-100,-40,80,-0.125562744,0.019588328,-0.097187087
-100,-60,80,-0.119565313,0.028600176,-0.094063352
-100,-80,80,-0.111473314,0.036612468,-0.089711094
-100,-100,80,-0.101607255,0.04330107,-0.084193342
-100,100,100,-0.082874764,-0.037353303,-0.078259073
-100,80,100,-0.091389773,-0.031729745,-0.083587948
-100,60,100,-0.098427098,-0.024885496,-0.087841165
-100,40,100,-0.103675076,-0.017096698,-0.090925529
-100,20,100,-0.106909206,-0.008669096,-0.092789693
-100,0,100,-0.107995448,-7.94165E-05,-0.093408933
-100,-20,100,-0.106909206,0.008669096,-0.092789693
-100,-40,100,-0.103675076,0.017096698,-0.090925529
-100,-60,100,-0.098427098,0.024885496,-0.087841165
-100,-80,100,-0.091389773,0.031729745,-0.083587948
-100,-100,100,-0.082874764,0.037353303,-0.078259073
-80,100,-100,-0.319342213,-0.094784347,-0.156536463
-80,80,-100,-0.338083102,-0.066784606,-0.161359711
-80,60,-100,-0.351106263,-0.044227905,-0.158593349
-80,40,-100,-0.359546531,-0.027070265,-0.155423776
-80,20,-100,-0.36428619,-0.012862816,-0.15329374
-80,0,-100,-0.365812476,-4.32498E-05,-0.152555781
-80,-20,-100,-0.36428619,0.012862816,-0.15329374
-80,-40,-100,-0.359546531,0.027070265,-0.155423776
-80,-60,-100,-0.351106263,0.044227905,-0.158593349
-80,-80,-100,-0.338083102,0.066784606,-0.161359711
-80,-100,-100,-0.319342213,0.094784347,-0.156536463
-80,100,-80,-0.28607159,-0.086466137,-0.1312634
-80,80,-80,-0.304232016,-0.064964128,-0.138093225
-80,60,-80,-0.317508874,-0.045396745,-0.140168585
-80,40,-80,-0.326416457,-0.028580352,-0.140139434
-80,20,-80,-0.33151252,-0.013767687,-0.139660476
-80,0,-80,-0.333167362,-5.02073E-05,-0.139435522
-80,-20,-80,-0.33151252,0.013767687,-0.139660476
-80,-40,-80,-0.326416457,0.028580352,-0.140139434
-80,-60,-80,-0.317508874,0.045396745,-0.140168585
-80,-80,-80,-0.304232016,0.064964128,-0.138093225
-80,-100,-80,-0.28607159,0.086466137,-0.1312634
-80,100,-60,-0.253148168,-0.076965724,-0.113307747
-80,80,-60,-0.270163401,-0.060214266,-0.120369614
-80,60,-60,-0.283017977,-0.043698837,-0.124114226
-80,40,-60,-0.291884398,-0.028229771,-0.125759265
-80,20,-60,-0.297049663,-0.013791858,-0.126347851
-80,0,-60,-0.298741108,-5.68638E-05,-0.126480741
-80,-20,-60,-0.297049663,0.013791858,-0.126347851
-80,-40,-60,-0.291884398,0.028229771,-0.125759265
-80,-60,-60,-0.283017977,0.043698837,-0.124114226
-80,-80,-60,-0.270163401,0.060214266,-0.120369614
-80,-100,-60,-0.253148168,0.076965724,-0.113307747
-80,100,-40,-0.225594594,-0.068484513,-0.100400409
-80,80,-40,-0.241376483,-0.054911112,-0.10699661
-80,60,-40,-0.253557205,-0.040813029,-0.111175244
-80,40,-40,-0.262122662,-0.026859095,-0.113537687
-80,20,-40,-0.267182808,-0.013268799,-0.114685664
-80,0,-40,-0.268851055,-6.27639E-05,-0.115022406
-80,-20,-40,-0.267182808,0.013268799,-0.114685664
-80,-40,-40,-0.262122662,0.026859095,-0.113537687
-80,-60,-40,-0.253557205,0.040813029,-0.111175244
-80,-80,-40,-0.241376483,0.054911112,-0.10699661
-80,-100,-40,-0.225594594,0.068484513,-0.100400409
-80,100,-20,-0.201471974,-0.061049257,-0.091037132
-80,80,-20,-0.216045468,-0.049741902,-0.097020465
-80,60,-20,-0.227466744,-0.037553237,-0.101159278
-80,40,-20,-0.23561159,-0.025029868,-0.103756595
-80,20,-20,-0.240473095,-0.012463093,-0.105148883
-80,0,-20,-0.242083645,-6.74625E-05,-0.105583498
-80,-20,-20,-0.240473095,0.012463093,-0.105148883
-80,-40,-20,-0.23561159,0.025029868,-0.103756595
-80,-60,-20,-0.227466744,0.037553237,-0.101159278
-80,-80,-20,-0.216045468,0.049741902,-0.097020465
-80,-100,-20,-0.201471974,0.061049257,-0.091037132
-80,100,0,-0.179444089,-0.054490765,-0.084120897
-80,80,0,-0.192852338,-0.044895994,-0.089556551
-80,60,0,-0.203485656,-0.034260742,-0.093514167
-80,40,0,-0.211149782,-0.023037296,-0.096140346
-80,20,0,-0.215760533,-0.011534108,-0.097618719
-80,0,0,-0.217293489,-7.05785E-05,-0.098092743
-80,-20,0,-0.215760533,0.011534108,-0.097618719
-80,-40,0,-0.211149782,0.023037296,-0.096140346
-80,-60,0,-0.203485656,0.034260742,-0.093514167
-80,-80,0,-0.192852338,0.044895994,-0.089556551
-80,-100,0,-0.179444089,0.054490765,-0.084120897
-80,100,20,-0.158695144,-0.048595861,-0.078772861
-80,80,20,-0.170961418,-0.04037009,-0.083784517
-80,60,20,-0.18078426,-0.031048258,-0.08755521
-80,40,20,-0.187924712,-0.021009915,-0.090142696
-80,20,20,-0.192247536,-0.010560085,-0.09164073
-80,0,20,-0.193688871,-7.18455E-05,-0.092128485
-80,-20,20,-0.192247536,0.010560085,-0.09164073
-80,-40,20,-0.187924712,0.021009915,-0.090142696
-80,-60,20,-0.18078426,0.031048258,-0.08755521
-80,-80,20,-0.170961418,0.04037009,-0.083784517
-80,-100,20,-0.158695144,0.048595861,-0.078772861
-80,100,40,-0.138811044,-0.043178157,-0.074272338
-80,80,40,-0.149932753,-0.036101562,-0.078973782
-80,60,40,-0.158912576,-0.027931816,-0.082591682
-80,40,40,-0.165486769,-0.018991907,-0.085129702
-80,20,40,-0.169487264,-0.009573285,-0.086624962
-80,0,40,-0.170824213,-7.11498E-05,-0.08711648
-80,-20,40,-0.169487264,0.009573285,-0.086624962
-80,-40,40,-0.165486769,0.018991907,-0.085129702
-80,-60,40,-0.158912576,0.027931816,-0.082591682
-80,-80,40,-0.149932753,0.036101562,-0.078973782
-80,-100,40,-0.138811044,0.043178157,-0.074272338
-80,100,60,-0.119674539,-0.038105156,-0.070048966
-80,80,60,-0.129632424,-0.032029343,-0.074516321
-80,60,60,-0.137729907,-0.024900287,-0.078010732
-80,40,60,-0.14369402,-0.016994968,-0.080500399
-80,20,60,-0.147339047,-0.008585914,-0.081984882
-80,0,60,-0.14855938,-6.85475E-05,-0.082475348
-80,-20,60,-0.147339047,0.008585914,-0.081984882
-80,-40,60,-0.14369402,0.016994968,-0.080500399
-80,-60,60,-0.137729907,0.024900287,-0.078010732
-80,-80,60,-0.129632424,0.032029343,-0.074516321
-80,-100,60,-0.119674539,0.038105156,-0.070048966
-80,100,80,-0.1013756,-0.0333028,-0.065689659
-80,80,80,-0.110148801,-0.028118961,-0.069954835
-80,60,80,-0.117327918,-0.021947667,-0.073333158
-80,40,80,-0.12264328,-0.015026313,-0.07576757
-80,20,80,-0.125903929,-0.007605186,-0.077231958
-80,0,80,-0.126997311,-6.42529E-05,-0.077717363
-80,-20,80,-0.125903929,0.007605186,-0.077231958
-80,-40,80,-0.12264328,0.015026313,-0.07576757
-80,-60,80,-0.117327918,0.021947667,-0.073333158
-80,-80,80,-0.110148801,0.028118961,-0.069954835
-80,-100,80,-0.1013756,0.0333028,-0.065689659
-80,100,100,-0.084131492,-0.028749649,-0.0609452
-80,80,100,-0.091712592,-0.024368546,-0.065000369
-80,60,100,-0.097951427,-0.019084827,-0.068245043
-80,40,100,-0.102592034,-0.013100414,-0.070603803
-80,20,100,-0.105447978,-0.006640534,-0.072032124
-80,0,100,-0.106407137,-5.86032E-05,-0.072506816
-80,-20,100,-0.105447978,0.006640534,-0.072032124
-80,-40,100,-0.102592034,0.013100414,-0.070603803
-80,-60,100,-0.097951427,0.019084827,-0.068245043
-80,-80,100,-0.091712592,0.024368546,-0.065000369
-80,-100,100,-0.084131492,0.028749649,-0.0609452
-60,100,-100,-0.317410209,-0.07322218,-0.111014004
-60,80,-100,-0.335978492,-0.051147291,-0.115633102
-60,60,-100,-0.349054668,-0.033643241,-0.113744032
-60,40,-100,-0.357634263,-0.020531694,-0.111406666
-60,20,-100,-0.362490608,-0.009747313,-0.109816053
-60,0,-100,-0.364061662,-3.16601E-05,-0.109263231
-60,-20,-100,-0.362490608,0.009747313,-0.109816053
-60,-40,-100,-0.357634263,0.020531694,-0.111406666
-60,-60,-100,-0.349054668,0.033643241,-0.113744032
-60,-80,-100,-0.335978492,0.051147291,-0.115633102
-60,-100,-100,-0.317410209,0.07322218,-0.111014004
-60,100,-80,-0.284258288,-0.065887947,-0.094740194
-60,80,-80,-0.302404559,-0.049330062,-0.100577906
-60,60,-80,-0.315755106,-0.034373371,-0.102451329
-60,40,-80,-0.32478087,-0.021611582,-0.102560693
-60,20,-80,-0.329975664,-0.010407532,-0.102256504
-60,0,-80,-0.331669093,-3.64254E-05,-0.102103324
-60,-20,-80,-0.329975664,0.010407532,-0.102256504
-60,-40,-80,-0.32478087,0.021611582,-0.102560693
-60,-60,-80,-0.315755106,0.034373371,-0.102451329
-60,-80,-80,-0.302404559,0.049330062,-0.100577906
-60,-100,-80,-0.284258288,0.065887947,-0.094740194
-60,100,-60,-0.251273606,-0.057999872,-0.083245816
-60,80,-60,-0.268183758,-0.045347755,-0.089012175
-60,60,-60,-0.281018477,-0.032893986,-0.092100111
-60,40,-60,-0.289921816,-0.021248684,-0.093489142
-60,20,-60,-0.295133526,-0.010383785,-0.094009248
-60,0,-60,-0.296845973,-4.09174E-05,-0.094133179
-60,-20,-60,-0.295133526,0.010383785,-0.094009248
-60,-40,-60,-0.289921816,0.021248684,-0.093489142
-60,-60,-60,-0.281018477,0.032893986,-0.092100111
-60,-80,-60,-0.268183758,0.045347755,-0.089012175
-60,-100,-60,-0.251273606,0.057999872,-0.083245816
-60,100,-40,-0.223503489,-0.051178903,-0.074625121
-60,80,-40,-0.238982187,-0.041057202,-0.079886666
-60,60,-40,-0.250983811,-0.030533376,-0.083245132
-60,40,-40,-0.259466117,-0.020106751,-0.085164451
-60,20,-40,-0.264498558,-0.00993895,-0.086108988
-60,0,-40,-0.266162861,-4.48349E-05,-0.086388716
-60,-20,-40,-0.264498558,0.00993895,-0.086108988
-60,-40,-40,-0.259466117,0.020106751,-0.085164451
-60,-60,-40,-0.250983811,0.030533376,-0.083245132
-60,-80,-40,-0.238982187,0.041057202,-0.079886666
-60,-100,-40,-0.223503489,0.051178903,-0.074625121
-60,100,-20,-0.199151742,-0.045311752,-0.068004995
-60,80,-20,-0.213220644,-0.036950347,-0.072706973
-60,60,-20,-0.224293886,-0.027921346,-0.075984401
-60,40,-20,-0.23222603,-0.018626249,-0.078058792
-60,20,-20,-0.236978548,-0.009281347,-0.079179846
-60,0,-20,-0.238557687,-4.78916E-05,-0.079531686
-60,-20,-20,-0.236978548,0.009281347,-0.079179846
-60,-40,-20,-0.23222603,0.018626249,-0.078058792
-60,-60,-20,-0.224293886,0.027921346,-0.075984401
-60,-80,-20,-0.213220644,0.036950347,-0.072706973
-60,-100,-20,-0.199151742,0.045311752,-0.068004995
-60,100,0,-0.177055909,-0.040208305,-0.062842056
-60,80,0,-0.189798278,-0.033152046,-0.067057821
-60,60,0,-0.199937907,-0.025320232,-0.070150141
-60,40,0,-0.207272688,-0.017039702,-0.0722176
-60,20,0,-0.211698885,-0.008537361,-0.073388945
-60,0,0,-0.213174579,-4.98516E-05,-0.073766022
-60,-20,0,-0.211698885,0.008537361,-0.073388945
-60,-40,0,-0.207272688,0.017039702,-0.0722176
-60,-60,0,-0.199937907,0.025320232,-0.070150141
-60,-80,0,-0.189798278,0.033152046,-0.067057821
-60,-100,0,-0.177055909,0.040208305,-0.062842056
-60,100,20,-0.156508622,-0.035682018,-0.05867705
-60,80,20,-0.168003791,-0.029652788,-0.062509605
-60,60,20,-0.177228381,-0.022818713,-0.06541249
-60,40,20,-0.183950576,-0.015450658,-0.067417369
-60,20,20,-0.188029109,-0.007770389,-0.068583979
-60,0,20,-0.189392125,-5.05588E-05,-0.068965265
-60,-20,20,-0.188029109,0.007770389,-0.068583979
-60,-40,20,-0.183950576,0.015450658,-0.067417369
-60,-60,20,-0.177228381,0.022818713,-0.06541249
-60,-80,20,-0.168003791,0.029652788,-0.062509605
-60,-100,20,-0.156508622,0.035682018,-0.05867705
-60,100,40,-0.137121805,-0.031581029,-0.055098572
-60,80,40,-0.147427753,-0.026402418,-0.058639843
-60,60,40,-0.155754092,-0.020431246,-0.061379669
-60,40,40,-0.161857304,-0.01389639,-0.063311804
-60,20,40,-0.165575933,-0.007007526,-0.064454514
-60,0,40,-0.16682093,-4.9957E-05,-0.064831494
-60,-20,40,-0.165575933,0.007007526,-0.064454514
-60,-40,40,-0.161857304,0.01389639,-0.063311804
-60,-60,40,-0.155754092,0.020431246,-0.061379669
-60,-80,40,-0.147427753,0.026402418,-0.058639843
-60,-100,40,-0.137121805,0.031581029,-0.055098572
-60,100,60,-0.118737142,-0.027797284,-0.05175871
-60,80,60,-0.127893088,-0.023350749,-0.055072854
-60,60,60,-0.135332169,-0.018148762,-0.057675666
-60,40,60,-0.140811218,-0.012386648,-0.059537335
-60,20,60,-0.14416109,-0.006258868,-0.060650492
-60,0,60,-0.145284285,-4.80954E-05,-0.061019594
-60,-20,60,-0.14416109,0.006258868,-0.060650492
-60,-40,60,-0.140811218,0.012386648,-0.059537335
-60,-60,60,-0.135332169,0.018148762,-0.057675666
-60,-80,60,-0.127893088,0.023350749,-0.055072854
-60,-100,60,-0.118737142,0.027797284,-0.05175871
-60,100,80,-0.101358472,-0.024265442,-0.048393285
-60,80,80,-0.109394861,-0.020465017,-0.051513567
-60,60,80,-0.115956145,-0.015962463,-0.053991979
-60,40,80,-0.120808336,-0.010924679,-0.055782608
-60,20,80,-0.123783466,-0.005528943,-0.056861811
-60,0,80,-0.124782267,-4.512E-05,-0.05722085
-60,-20,80,-0.123783466,0.005528943,-0.056861811
-60,-40,80,-0.120808336,0.010924679,-0.055782608
-60,-60,80,-0.115956145,0.015962463,-0.053991979
-60,-80,80,-0.109394861,0.020465017,-0.051513567
-60,-100,80,-0.101358472,0.024265442,-0.048393285
-60,100,100,-0.085092385,-0.020957528,-0.044835355
-60,80,100,-0.092042405,-0.017734409,-0.047767766
-60,60,100,-0.097740875,-0.013873518,-0.050118079
-60,40,100,-0.101969698,-0.009516653,-0.05182918
-60,20,100,-0.104569087,-0.004822639,-0.052866616
-60,0,100,-0.105442672,-4.12533E-05,-0.05321252
-60,-20,100,-0.104569087,0.004822639,-0.052866616
-60,-40,100,-0.101969698,0.009516653,-0.05182918
-60,-60,100,-0.097740875,0.013873518,-0.050118079
-60,-80,100,-0.092042405,0.017734409,-0.047767766
-60,-100,100,-0.085092385,0.020957528,-0.044835355
-40,100,-100,-0.311211402,-0.051349826,-0.066042104
-40,80,-100,-0.330525128,-0.035278201,-0.070711347
-40,60,-100,-0.344023819,-0.022856886,-0.069715421
-40,40,-100,-0.352825943,-0.013850994,-0.068205057
-40,20,-100,-0.357790711,-0.006557899,-0.067154444
-40,0,-100,-0.359395275,-2.06881E-05,-0.0667868
-40,-20,-100,-0.357790711,0.006557899,-0.067154444
-40,-40,-100,-0.352825943,0.013850994,-0.068205057
-40,-60,-100,-0.344023819,0.022856886,-0.069715421
-40,-80,-100,-0.330525128,0.035278201,-0.070711347
-40,-100,-100,-0.311211402,0.051349826,-0.066042104
-40,100,-80,-0.279737624,-0.045020755,-0.059086281
-40,80,-80,-0.298394484,-0.033496533,-0.063790392
-40,60,-80,-0.312042552,-0.023192609,-0.065360145
-40,40,-80,-0.321233539,-0.014528315,-0.065541047
-40,20,-80,-0.326514291,-0.006985604,-0.065375049
-40,0,-80,-0.328235286,-2.36532E-05,-0.065282063
-40,-20,-80,-0.326514291,0.006985604,-0.065375049
-40,-40,-80,-0.321233539,0.014528315,-0.065541047
-40,-60,-80,-0.312042552,0.023192609,-0.065360145
-40,-80,-80,-0.298394484,0.033496533,-0.063790392
-40,-100,-80,-0.279737624,0.045020755,-0.059086281
-40,100,-60,-0.248289647,-0.039003794,-0.053709291
-40,80,-60,-0.265365765,-0.030446611,-0.057942595
-40,60,-60,-0.278305392,-0.022042846,-0.060213164
-40,40,-60,-0.287273908,-0.014220829,-0.061240879
-40,20,-60,-0.292523276,-0.006945684,-0.061632848
-40,0,-60,-0.294249031,-2.64197E-05,-0.061728386
-40,-20,-60,-0.292523276,0.006945684,-0.061632848
-40,-40,-60,-0.287273908,0.014220829,-0.061240879
-40,-60,-60,-0.278305392,0.022042846,-0.060213164
-40,-80,-60,-0.265365765,0.030446611,-0.057942595
-40,-100,-60,-0.248289647,0.039003794,-0.053709291
-40,100,-40,-0.221345945,-0.034112592,-0.04901622
-40,80,-40,-0.236721349,-0.027363855,-0.052727205
-40,60,-40,-0.248651622,-0.020344345,-0.05510161
-40,40,-40,-0.257092173,-0.013395266,-0.056463041
-40,20,-40,-0.262104616,-0.00662167,-0.057135809
-40,0,-40,-0.263764089,-2.88057E-05,-0.057335629
-40,-20,-40,-0.262104616,0.00662167,-0.057135809
-40,-40,-40,-0.257092173,0.013395266,-0.056463041
-40,-60,-40,-0.248651622,0.020344345,-0.05510161
-40,-80,-40,-0.236721349,0.027363855,-0.052727205
-40,-100,-40,-0.221345945,0.034112592,-0.04901622
-40,100,-20,-0.197349989,-0.030024566,-0.045022509
-40,80,-20,-0.211128823,-0.02449271,-0.048275212
-40,60,-20,-0.221990803,-0.018512915,-0.050550689
-40,40,-20,-0.229784049,-0.01235354,-0.051996443
-40,20,-20,-0.234460048,-0.006157492,-0.05278044
-40,0,-20,-0.23601574,-3.06418E-05,-0.053026928
-40,-20,-20,-0.234460048,0.006157492,-0.05278044
-40,-40,-20,-0.229784049,0.01235354,-0.051996443
-40,-60,-20,-0.221990803,0.018512915,-0.050550689
-40,-80,-20,-0.211128823,0.02449271,-0.048275212
-40,-100,-20,-0.197349989,0.030024566,-0.045022509
-40,100,0,-0.175454183,-0.026523595,-0.041698233
-40,80,0,-0.187781819,-0.021876428,-0.044578645
-40,60,0,-0.197605951,-0.016714587,-0.046699975
-40,40,0,-0.204723163,-0.011252638,-0.048123702
-40,20,0,-0.20902409,-0.005639947,-0.048932992
-40,0,0,-0.21045982,-3.17915E-05,-0.049193771
-40,-20,0,-0.20902409,0.005639947,-0.048932992
-40,-40,0,-0.204723163,0.011252638,-0.048123702
-40,-60,0,-0.197605951,0.016714587,-0.046699975
-40,-80,0,-0.187781819,0.021876428,-0.044578645
-40,-100,0,-0.175454183,0.026523595,-0.041698233
-40,100,20,-0.155144448,-0.023453322,-0.038903311
-40,80,20,-0.166150571,-0.019493118,-0.041494036
-40,60,20,-0.174990282,-0.015004391,-0.043463836
-40,40,20,-0.181438745,-0.010162526,-0.044829005
-40,20,20,-0.185355406,-0.005112565,-0.0456257
-40,0,20,-0.186665805,-3.21676E-05,-0.04588632
-40,-20,20,-0.185355406,0.005112565,-0.0456257
-40,-40,20,-0.181438745,0.010162526,-0.044829005
-40,-60,20,-0.174990282,0.015004391,-0.043463836
-40,-80,20,-0.166150571,0.019493118,-0.041494036
-40,-100,20,-0.155144448,0.023453322,-0.038903311
-40,100,40,-0.136116214,-0.020700165,-0.036451374
-40,80,40,-0.145902462,-0.017303184,-0.038819974
-40,60,40,-0.153809081,-0.013390378,-0.040658616
-40,40,40,-0.159606936,-0.009108686,-0.041958935
-40,20,40,-0.16314161,-0.00459427,-0.042729821
-40,0,40,-0.164326026,-3.17429E-05,-0.042984371
-40,-20,40,-0.16314161,0.00459427,-0.042729821
-40,-40,40,-0.159606936,0.009108686,-0.041958935
-40,-60,40,-0.153809081,0.013390378,-0.040658616
-40,-80,40,-0.145902462,0.017303184,-0.038819974
-40,-100,40,-0.136116214,0.020700165,-0.036451374
-40,100,60,-0.118220154,-0.018185713,-0.034159078
-40,80,60,-0.126864414,-0.0152694,-0.036352963
-40,60,60,-0.133881407,-0.011864927,-0.038080319
-40,40,60,-0.139048122,-0.008097371,-0.039318687
-40,20,60,-0.14220703,-0.004091947,-0.040060415
-40,0,60,-0.143266752,-3.05517E-05,-0.040306539
-40,-20,60,-0.14220703,0.004091947,-0.040060415
-40,-40,60,-0.139048122,0.008097371,-0.039318687
-40,-60,60,-0.133881407,0.011864927,-0.038080319
-40,-80,60,-0.126864414,0.0152694,-0.036352963
-40,-100,60,-0.118220154,0.018185713,-0.034159078
-40,100,80,-0.10142377,-0.015861296,-0.031876908
-40,80,80,-0.108989249,-0.013366165,-0.033922994
-40,60,80,-0.115154715,-0.010419949,-0.035550779
-40,40,80,-0.119709662,-0.007129403,-0.036728879
-40,20,80,-0.122501025,-0.003608098,-0.037439945
-40,0,80,-0.123438278,-2.86846E-05,-0.037676544
-40,-20,80,-0.122501025,0.003608098,-0.037439945
-40,-40,80,-0.119709662,0.007129403,-0.036728879
-40,-60,80,-0.115154715,0.010419949,-0.035550779
-40,-80,80,-0.108989249,0.013366165,-0.033922994
-40,-100,80,-0.10142377,0.015861296,-0.031876908
-40,100,100,-0.085773521,-0.013702544,-0.029505312
-40,80,100,-0.092318712,-0.011581752,-0.031412985
-40,60,100,-0.097670531,-0.009053032,-0.032943235
-40,40,100,-0.101635132,-0.006206884,-0.034058337
-40,20,100,-0.104069685,-0.003144927,-0.034735358
-40,0,100,-0.104887755,-2.62765E-05,-0.03496102
-40,-20,100,-0.104069685,0.003144927,-0.034735358
-40,-40,100,-0.101635132,0.006206884,-0.034058337
-40,-60,100,-0.097670531,0.009053032,-0.032943235
-40,-80,100,-0.092318712,0.011581752,-0.031412985
-40,-100,100,-0.085773521,0.013702544,-0.029505312
-20,100,-100,-0.299595971,-0.027616146,-0.023411832
-20,80,-100,-0.320995723,-0.018465616,-0.027831857
-20,60,-100,-0.335356235,-0.011664008,-0.027583708
-20,40,-100,-0.344461951,-0.007002322,-0.026863643
-20,20,-100,-0.349533049,-0.003304705,-0.026345457
-20,0,-100,-0.351164759,-1.02101E-05,-0.026162373
-20,-20,-100,-0.349533049,0.003304705,-0.026345457
-20,-40,-100,-0.344461951,0.007002322,-0.026863643
-20,-60,-100,-0.335356235,0.011664008,-0.027583708
-20,-80,-100,-0.320995723,0.018465616,-0.027831857
-20,-100,-100,-0.299595971,0.027616146,-0.023411832
-20,100,-80,-0.273223096,-0.023147289,-0.026556983
-20,80,-80,-0.292891389,-0.017095061,-0.029494496
-20,60,-80,-0.307031026,-0.01173699,-0.030484152
-20,40,-80,-0.316426173,-0.007319078,-0.030630925
-20,20,-80,-0.32178682,-0.003512723,-0.030564216
-20,0,-80,-0.323529539,-1.16302E-05,-0.030521249
-20,-20,-80,-0.32178682,0.003512723,-0.030564216
-20,-40,-80,-0.316426173,0.007319078,-0.030630925
-20,-60,-80,-0.307031026,0.01173699,-0.030484152
-20,-80,-80,-0.292891389,0.017095061,-0.029494496
-20,-100,-80,-0.273223096,0.023147289,-0.026556983
-20,100,-60,-0.245088579,-0.019682092,-0.025890156
-20,80,-60,-0.262494167,-0.015339382,-0.028199393
-20,60,-60,-0.275619212,-0.011080654,-0.029434442
-20,40,-60,-0.284675488,-0.007137372,-0.02999129
-20,20,-60,-0.289962284,-0.003483388,-0.03020452
-20,0,-60,-0.291698781,-1.29472E-05,-0.030256846
-20,-20,-60,-0.289962284,0.003483388,-0.03020452
-20,-40,-60,-0.284675488,0.007137372,-0.02999129
-20,-60,-60,-0.275619212,0.011080654,-0.029434442
-20,-80,-60,-0.262494167,0.015339382,-0.028199393
-20,-100,-60,-0.245088579,0.019682092,-0.025890156
-20,100,-40,-0.21954126,-0.017082238,-0.024155138
-20,80,-40,-0.234937477,-0.013699844,-0.026092299
-20,60,-40,-0.246873601,-0.01018055,-0.027332076
-20,40,-40,-0.255310174,-0.006700574,-0.028042587
-20,20,-40,-0.260317379,-0.003311727,-0.028393807
-20,0,-40,-0.261975053,-1.40758E-05,-0.02849811
-20,-20,-40,-0.260317379,0.003311727,-0.028393807
-20,-40,-40,-0.255310174,0.006700574,-0.028042587
-20,-60,-40,-0.246873601,0.01018055,-0.027332076
-20,-80,-40,-0.234937477,0.013699844,-0.026092299
-20,-100,-40,-0.21954126,0.017082238,-0.024155138
-20,100,-20,-0.196114615,-0.01497109,-0.022367476
-20,80,-20,-0.209759102,-0.01221461,-0.024035751
-20,60,-20,-0.22051846,-0.009232711,-0.025204534
-20,40,-20,-0.228239874,-0.006161173,-0.025948283
-20,20,-20,-0.232874072,-0.003071211,-0.026352038
-20,0,-20,-0.234416319,-1.49372E-05,-0.026479015
-20,-20,-20,-0.232874072,0.003071211,-0.026352038
-20,-40,-20,-0.228239874,0.006161173,-0.025948283
-20,-60,-20,-0.22051846,0.009232711,-0.025204534
-20,-80,-20,-0.209759102,0.01221461,-0.024035751
-20,-100,-20,-0.196114615,0.01497109,-0.022367476
-20,100,0,-0.174488719,-0.013186551,-0.020771071
-20,80,0,-0.186595116,-0.010877891,-0.022234373
-20,60,0,-0.196248049,-0.008312514,-0.023314372
-20,40,0,-0.203244466,-0.005597016,-0.024040475
-20,20,0,-0.207474627,-0.002805723,-0.024453847
-20,0,0,-0.208887351,-1.54689E-05,-0.024587101
-20,-20,0,-0.207474627,0.002805723,-0.024453847
-20,-40,0,-0.203244466,0.005597016,-0.024040475
-20,-60,0,-0.196248049,0.008312514,-0.023314372
-20,-80,0,-0.186595116,0.010877891,-0.022234373
-20,-100,0,-0.174488719,0.013186551,-0.020771071
-20,100,20,-0.154379871,-0.011634018,-0.019381886
-20,80,20,-0.165117599,-0.009670023,-0.020688764
-20,60,20,-0.173744044,-0.007444087,-0.021684546
-20,40,20,-0.180039246,-0.005042598,-0.022375858
-20,20,20,-0.18386447,-0.00253721,-0.022779895
-20,0,20,-0.1851448,-1.56319E-05,-0.02291215
-20,-20,20,-0.18386447,0.00253721,-0.022779895
-20,-40,20,-0.180039246,0.005042598,-0.022375858
-20,-60,20,-0.173744044,0.007444087,-0.021684546
-20,-80,20,-0.165117599,0.009670023,-0.020688764
-20,-100,20,-0.154379871,0.011634018,-0.019381886
-20,100,40,-0.135578842,-0.01025076,-0.018142872
-20,80,40,-0.145077735,-0.008567685,-0.019330235
-20,60,40,-0.152750769,-0.006630155,-0.020253465
-20,40,40,-0.158377743,-0.004510368,-0.020907331
-20,20,40,-0.161809117,-0.002275198,-0.021295524
-20,0,40,-0.162959255,-1.54149E-05,-0.021423812
-20,-20,40,-0.161809117,0.002275198,-0.021295524
-20,-40,40,-0.158377743,0.004510368,-0.020907331
-20,-60,40,-0.152750769,0.006630155,-0.020253465
-20,-80,40,-0.145077735,0.008567685,-0.019330235
-20,-100,40,-0.135578842,0.01025076,-0.018142872
-20,100,60,-0.117963244,-0.00899517,-0.016980578
-20,80,60,-0.126323659,-0.007550482,-0.018073699
-20,60,60,-0.13310583,-0.005866124,-0.0189354
-20,40,60,-0.138097938,-0.004003152,-0.019553824
-20,20,60,-0.141150057,-0.002023076,-0.019924716
-20,0,60,-0.142174175,-1.48354E-05,-0.020047901
-20,-20,60,-0.141150057,0.002023076,-0.019924716
-20,-40,60,-0.138097938,0.004003152,-0.019553824
-20,-60,60,-0.13310583,0.005866124,-0.0189354
-20,-80,60,-0.126323659,0.007550482,-0.018073699
-20,-100,60,-0.117963244,0.00899517,-0.016980578
-20,100,80,-0.101490938,-0.00784113,-0.015829491
-20,80,80,-0.108794678,-0.006604379,-0.016843195
-20,60,80,-0.114739929,-0.00514703,-0.017650339
-20,40,80,-0.119128949,-0.003520995,-0.018235065
-20,20,80,-0.121817608,-0.001781891,-0.018588204
-20,0,80,-0.12272057,-1.39365E-05,-0.018705814
-20,-20,80,-0.121817608,0.001781891,-0.018588204
-20,-40,80,-0.119128949,0.003520995,-0.018235065
-20,-60,80,-0.114739929,0.00514703,-0.017650339
-20,-80,80,-0.108794678,0.006604379,-0.016843195
-20,-100,80,-0.101490938,0.00784113,-0.015829491
-20,100,100,-0.086180779,-0.006774621,-0.0146439
-20,80,100,-0.092500347,-0.005722152,-0.015584514
-20,60,100,-0.097658881,-0.004470653,-0.016339345
-20,40,100,-0.101476086,-0.003064254,-0.016889969
-20,20,100,-0.103818458,-0.001552455,-0.01722422
-20,0,100,-0.104605649,-1.2782E-05,-0.017335725
-20,-20,100,-0.103818458,0.001552455,-0.01722422
-20,-40,100,-0.101476086,0.003064254,-0.016889969
-20,-60,100,-0.097658881,0.004470653,-0.016339345
-20,-80,100,-0.092500347,0.005722152,-0.015584514
-20,-100,100,-0.086180779,0.006774621,-0.0146439
0,100,-100,-0.283926929,-2.86684E-05,-4.77689E-06
0,80,-100,-0.307620392,-2.61543E-05,-1.31391E-05
0,60,-100,-0.322696715,-2.15743E-05,-2.0559E-05
0,40,-100,-0.331974218,-1.53314E-05,-2.6345E-05
0,20,-100,-0.337093761,-7.95192E-06,-3.00085E-05
0,0,-100,-0.338737188,0,-3.12604E-05
0,-20,-100,-0.337093761,7.95192E-06,-3.00085E-05
0,-40,-100,-0.331974218,1.53314E-05,-2.6345E-05
0,-60,-100,-0.322696715,2.15743E-05,-2.0559E-05
0,-80,-100,-0.307620392,2.61543E-05,-1.31391E-05
0,-100,-100,-0.283926929,2.86684E-05,-4.77689E-06
0,100,-80,-0.268898386,-2.14875E-05,-5.79801E-06
0,80,-80,-0.289247788,-1.94859E-05,-1.19717E-05
0,60,-80,-0.303688129,-1.60237E-05,-1.73996E-05
0,40,-80,-0.313187453,-1.13729E-05,-2.16138E-05
0,20,-80,-0.318583769,-5.89614E-06,-2.42764E-05
0,0,-80,-0.320335518,-1.29121E-21,-2.51906E-05
0,-20,-80,-0.318583769,5.89614E-06,-2.42764E-05
0,-40,-80,-0.313187453,1.13729E-05,-2.16138E-05
0,-60,-80,-0.303688129,1.60237E-05,-1.73996E-05
0,-80,-80,-0.289247788,1.94859E-05,-1.19717E-05
0,-100,-80,-0.268898386,2.14875E-05,-5.79801E-06
0,100,-60,-0.243578447,-1.61353E-05,-5.89634E-06
0,80,-60,-0.261162087,-1.45635E-05,-1.04806E-05
0,60,-60,-0.274386182,-1.19455E-05,-1.44863E-05
0,40,-60,-0.283486023,-8.46899E-06,-1.75893E-05
0,20,-60,-0.28878993,-4.38928E-06,-1.95486E-05
0,0,-60,-0.290530925,0,-2.02208E-05
0,-20,-60,-0.28878993,4.38928E-06,-1.95486E-05
0,-40,-60,-0.283486023,8.46899E-06,-1.75893E-05
0,-60,-60,-0.274386182,1.19455E-05,-1.44863E-05
0,-80,-60,-0.261162087,1.45635E-05,-1.04806E-05
0,-100,-60,-0.243578447,1.61353E-05,-5.89634E-06
0,100,-40,-0.218809727,-1.21254E-05,-5.57373E-06
0,80,-40,-0.234232954,-1.09038E-05,-8.99944E-06
0,60,-40,-0.246183492,-8.92449E-06,-1.19778E-05
0,40,-40,-0.254624489,-6.3209E-06,-1.428E-05
0,20,-40,-0.259632073,-3.27485E-06,-1.57328E-05
0,0,-40,-0.261289562,7.81362E-22,-1.62317E-05
0,-20,-40,-0.259632073,3.27485E-06,-1.57328E-05
0,-40,-40,-0.254624489,6.3209E-06,-1.428E-05
0,-60,-40,-0.246183492,8.92449E-06,-1.19778E-05
0,-80,-40,-0.234232954,1.09038E-05,-8.99944E-06
0,-100,-40,-0.218809727,1.21254E-05,-5.57373E-06
0,100,-20,-0.195663448,-9.10537E-06,-5.09048E-06
0,80,-20,-0.209271095,-8.1651E-06,-7.66531E-06
0,60,-20,-0.220001749,-6.67181E-06,-9.89374E-06
0,40,-20,-0.227702082,-4.72143E-06,-1.16121E-05
0,20,-20,-0.232323421,-2.44505E-06,-1.26962E-05
0,0,-20,-0.233861409,0,-1.30682E-05
0,-20,-20,-0.232323421,2.44505E-06,-1.26962E-05
0,-40,-20,-0.227702082,4.72143E-06,-1.16121E-05
0,-60,-20,-0.220001749,6.67181E-06,-9.89374E-06
0,-80,-20,-0.209271095,8.1651E-06,-7.66531E-06
0,-100,-20,-0.195663448,9.10537E-06,-5.09048E-06
0,100,0,-0.174160496,-6.82062E-06,-4.57701E-06
0,80,0,-0.186198216,-6.1047E-06,-6.5215E-06
0,60,0,-0.195797498,-4.98274E-06,-8.19696E-06
0,40,0,-0.202755813,-3.52388E-06,-9.48674E-06
0,20,0,-0.206963212,-1.82423E-06,-1.02997E-05
0,0,0,-0.208368523,0,-1.05783E-05
0,-20,0,-0.206963212,1.82423E-06,-1.02997E-05
0,-40,0,-0.202755813,3.52388E-06,-9.48674E-06
0,-60,0,-0.195797498,4.98274E-06,-8.19696E-06
0,-80,0,-0.186198216,6.1047E-06,-6.5215E-06
0,-100,0,-0.174160496,6.82062E-06,-4.57701E-06
0,100,20,-0.154131234,-5.08605E-06,-4.0948E-06
0,80,20,-0.164783646,-4.54824E-06,-5.56796E-06
0,60,20,-0.173342146,-3.71027E-06,-6.83326E-06
0,40,20,-0.179588259,-2.6227E-06,-7.80577E-06
0,20,20,-0.183384073,-1.35757E-06,-8.418E-06
0,0,20,-0.184654679,0,-8.62799E-06
0,-20,20,-0.183384073,1.35757E-06,-8.418E-06
0,-40,20,-0.179588259,2.6227E-06,-7.80577E-06
0,-60,20,-0.173342146,3.71027E-06,-6.83326E-06
0,-80,20,-0.164783646,4.54824E-06,-5.56796E-06
0,-100,20,-0.154131234,5.08605E-06,-4.0948E-06
0,100,40,-0.135409308,-3.76638E-06,-3.66688E-06
0,80,40,-0.144816289,-3.36853E-06,-4.78547E-06
0,60,40,-0.152414619,-2.74766E-06,-5.74482E-06
0,40,40,-0.157986703,-1.94212E-06,-6.48112E-06
0,20,40,-0.161384852,-1.00508E-06,-6.94442E-06
0,0,40,-0.16252394,1.7114E-21,-7.10329E-06
0,-20,40,-0.161384852,1.00508E-06,-6.94442E-06
0,-40,40,-0.157986703,1.94212E-06,-6.48112E-06
0,-60,40,-0.152414619,2.74766E-06,-5.74482E-06
0,-80,40,-0.144816289,3.36853E-06,-4.78547E-06
0,-100,40,-0.135409308,3.76638E-06,-3.66688E-06
0,100,60,-0.117885726,-2.76194E-06,-3.29509E-06
0,80,60,-0.126155354,-2.47199E-06,-4.14635E-06
0,60,60,-0.132862096,-2.01664E-06,-4.87643E-06
0,40,60,-0.137798375,-1.42533E-06,-5.43735E-06
0,20,60,-0.140816069,-7.37689E-07,-5.79006E-06
0,0,60,-0.141828738,0,-5.91098E-06
0,-20,60,-0.140816069,7.37689E-07,-5.79006E-06
0,-40,60,-0.137798375,1.42533E-06,-5.43735E-06
0,-60,60,-0.132862096,2.01664E-06,-4.87643E-06
0,-80,60,-0.126155354,2.47199E-06,-4.14635E-06
0,-100,60,-0.117885726,2.76194E-06,-3.29509E-06
0,100,80,-0.101517698,-1.99758E-06,-2.97044E-06
0,80,80,-0.108737641,-1.78843E-06,-3.62029E-06
0,60,80,-0.11461213,-1.45815E-06,-4.17941E-06
0,40,80,-0.118947957,-1.03014E-06,-4.61054E-06
0,20,80,-0.12160368,-5.33192E-07,-4.88201E-06
0,0,80,-0.122495609,0,-4.97542E-06
0,-20,80,-0.12160368,5.33192E-07,-4.88201E-06
0,-40,80,-0.118947957,1.03014E-06,-4.61054E-06
0,-60,80,-0.11461213,1.45815E-06,-4.17941E-06
0,-80,80,-0.108737641,1.78843E-06,-3.62029E-06
0,-100,80,-0.101517698,1.99758E-06,-2.97044E-06
0,100,100,-0.086316467,-1.41546E-06,-2.67632E-06
0,80,100,-0.092563541,-1.26391E-06,-3.17549E-06
0,60,100,-0.097660097,-1.02748E-06,-3.60966E-06
0,40,100,-0.101429931,-7.23971E-07,-3.94656E-06
0,20,100,-0.103742663,-3.74127E-07,-4.16076E-06
0,0,100,-0.104519952,0,-4.23477E-06
0,-20,100,-0.103742663,3.74127E-07,-4.16076E-06
0,-40,100,-0.101429931,7.23971E-07,-3.94656E-06
0,-60,100,-0.097660097,1.02748E-06,-3.60966E-06
0,-80,100,-0.092563541,1.26391E-06,-3.17549E-06
0,-100,100,-0.086316467,1.41546E-06,-2.67632E-06
20,100,-100,-0.299590907,0.027558982,0.023400472
20,80,-100,-0.320991183,0.018413604,0.027803762
20,60,-100,-0.335352413,0.01162122,0.027540896
20,40,-100,-0.344458873,0.006971988,0.026809451
20,20,-100,-0.349530538,0.003288999,0.026284126
20,0,-100,-0.351162459,1.02101E-05,0.026098587
20,-20,-100,-0.349530538,-0.003288999,0.026284126
20,-40,-100,-0.344458873,-0.006971988,0.026809451
20,-60,-100,-0.335352413,-0.01162122,0.027540896
20,-80,-100,-0.320991183,-0.018413604,0.027803762
20,-100,-100,-0.299590907,-0.027558982,0.023400472
20,100,-80,-0.273220443,0.023104502,0.026544382
20,80,-80,-0.292889187,0.017056322,0.02946958
20,60,-80,-0.30702933,0.011705186,0.030448463
20,40,-80,-0.31642495,0.007296536,0.030586915
20,20,-80,-0.321785936,0.003501045,0.030514967
20,0,-80,-0.323528778,1.16302E-05,0.030470209
20,-20,-80,-0.321785936,-0.003501045,0.030514967
20,-40,-80,-0.31642495,-0.007296536,0.030586915
20,-60,-80,-0.30702933,-0.011705186,0.030448463
20,-80,-80,-0.292889187,-0.017056322,0.02946958
20,-100,-80,-0.273220443,-0.023104502,0.026544382
20,100,-60,-0.245087264,0.019649989,0.025877805
20,80,-60,-0.262493217,0.015310435,0.028177909
20,60,-60,-0.275618629,0.011056934,0.029405003
20,40,-60,-0.284675223,0.007120569,0.029955709
20,20,-60,-0.289962236,0.003474684,0.030165068
20,0,-60,-0.291698812,1.29472E-05,0.030216066
20,-20,-60,-0.289962236,-0.003474684,0.030165068
20,-40,-60,-0.284675223,-0.007120569,0.029955709
20,-60,-60,-0.275618629,-0.011056934,0.029405003
20,-80,-60,-0.262493217,-0.015310435,0.028177909
20,-100,-60,-0.245087264,-0.019649989,0.025877805
20,100,-40,-0.21954069,0.017058128,0.02414368
20,80,-40,-0.234937196,0.013678177,0.026074022
20,60,-40,-0.246873591,0.010162825,0.027307881
20,40,-40,-0.255310387,0.006688026,0.028013827
20,20,-40,-0.260317741,0.003305227,0.028362168
20,0,-40,-0.261975468,1.40758E-05,0.028465486
20,-20,-40,-0.260317741,-0.003305227,0.028362168
20,-40,-40,-0.255310387,-0.006688026,0.028013827
20,-60,-40,-0.246873591,-0.010162825,0.027307881
20,-80,-40,-0.234937196,-0.013678177,0.026074022
20,-100,-40,-0.21954069,-0.017058128,0.02414368
20,100,-20,-0.196114457,0.014952994,0.022357122
20,80,-20,-0.209759171,0.012198388,0.024020275
20,60,-20,-0.220518733,0.00921946,0.02518463
20,40,-20,-0.228240311,0.006151798,0.025924968
20,20,-20,-0.232874615,0.003066357,0.026326573
20,0,-20,-0.234416898,1.49372E-05,0.026452812
20,-20,-20,-0.232874615,-0.003066357,0.026326573
20,-40,-20,-0.228240311,-0.006151798,0.025924968
20,-60,-20,-0.220518733,-0.00921946,0.02518463
20,-80,-20,-0.209759171,-0.012198388,0.024020275
20,-100,-20,-0.196114457,-0.014952994,0.022357122
20,100,0,-0.174488787,0.013173003,0.020761822
20,80,0,-0.186595363,0.010865765,0.022221257
20,60,0,-0.196248451,0.008302618,0.023297926
20,40,0,-0.203244991,0.00559002,0.024021468
20,20,0,-0.207475229,0.0028021,0.024433226
20,0,0,-0.20888798,1.54689E-05,0.024565927
20,-20,0,-0.207475229,-0.0028021,0.024433226
20,-40,0,-0.203244991,-0.00559002,0.024021468
20,-60,0,-0.196248451,-0.008302618,0.023297926
20,-80,0,-0.186595363,-0.010865765,0.022221257
20,-100,0,-0.174488787,-0.013173003,0.020761822
20,100,20,-0.15438006,0.011623922,0.019373646
20,80,20,-0.165117929,0.009660992,0.020677594
20,60,20,-0.173744495,0.00743672,0.02167086
20,40,20,-0.18003979,0.00503739,0.02236024
20,20,20,-0.183865072,0.002534514,0.022763061
20,0,20,-0.185145422,1.56319E-05,0.0228949
20,-20,20,-0.183865072,-0.002534514,0.022763061
20,-40,20,-0.18003979,-0.00503739,0.02236024
20,-60,20,-0.173744495,-0.00743672,0.02167086
20,-80,20,-0.165117929,-0.009660992,0.020677594
20,-100,20,-0.15438006,-0.011623922,0.019373646
20,100,40,-0.135579095,0.010243289,0.018135511
20,80,40,-0.145078101,0.008561001,0.019320648
20,60,40,-0.152751231,0.006624701,0.020241971
20,40,40,-0.158378275,0.004506513,0.020894373
20,20,40,-0.161809694,0.002273203,0.021281645
20,0,40,-0.162959846,1.54149E-05,0.021409618
20,-20,40,-0.161809694,-0.002273203,0.021281645
20,-40,40,-0.158378275,-0.004506513,0.020894373
20,-60,40,-0.152751231,-0.006624701,0.020241971
20,-80,40,-0.145078101,-0.008561001,0.019320648
20,-100,40,-0.135579095,-0.010243289,0.018135511
20,100,60,-0.117963531,0.008989698,0.016973971
20,80,60,-0.12632404,0.007545581,0.018065398
20,60,60,-0.133106286,0.005862124,0.018925646
20,40,60,-0.13809845,0.004000324,0.019542956
20,20,60,-0.141150604,0.002021612,0.019913146
20,0,60,-0.142174734,1.48354E-05,0.020036091
20,-20,60,-0.141150604,-0.002021612,0.019913146
20,-40,60,-0.13809845,-0.004000324,0.019542956
20,-60,60,-0.133106286,-0.005862124,0.018925646
20,-80,60,-0.12632404,-0.007545581,0.018065398
20,-100,60,-0.117963531,-0.008989698,0.016973971
20,100,80,-0.101491249,0.007837179,0.015823535
20,80,80,-0.108795067,0.006600838,0.016835946
20,60,80,-0.114740379,0.00514414,0.017641977
20,40,80,-0.119129445,0.003518953,0.018225846
20,20,80,-0.121818131,0.001780834,0.018578445
20,0,80,-0.122721102,1.39365E-05,0.018695868
20,-20,80,-0.121818131,-0.001780834,0.018578445
20,-40,80,-0.119129445,-0.003518953,0.018225846
20,-60,80,-0.114740379,-0.00514414,0.017641977
20,-80,80,-0.108795067,-0.006600838,0.016835946
20,-100,80,-0.101491249,-0.007837179,0.015823535
20,100,100,-0.086181118,0.006771829,0.014638525
20,80,100,-0.092500753,0.005719655,0.015578147
20,60,100,-0.097659339,0.00446862,0.016332114
20,40,100,-0.10147658,0.003062821,0.016882068
20,20,100,-0.103818974,0.001551715,0.017215893
20,0,100,-0.104606172,1.2782E-05,0.017327252
20,-20,100,-0.103818974,-0.001551715,0.017215893
20,-40,100,-0.10147658,-0.003062821,0.016882068
20,-60,100,-0.097659339,-0.00446862,0.016332114
20,-80,100,-0.092500753,-0.005719655,0.015578147
20,-100,100,-0.086181118,-0.006771829,0.014638525
40,100,-100,-0.311202763,0.051293273,0.066025771
40,80,-100,-0.330517669,0.035227135,0.070678336
40,60,-100,-0.344017849,0.022815201,0.069668099
40,40,-100,-0.352821459,0.013821642,0.068146955
40,20,-100,-0.357787329,0.006542771,0.067089705
40,0,-100,-0.359392303,2.06881E-05,0.06671984
40,-20,-100,-0.357787329,-0.006542771,0.067089705
40,-40,-100,-0.352821459,-0.013821642,0.068146955
40,-60,-100,-0.344017849,-0.022815201,0.069668099
40,-80,-100,-0.330517669,-0.035227135,0.070678336
40,-100,-100,-0.311202763,-0.051293273,0.066025771
40,100,-80,-0.279733175,0.04497857,0.059070928
40,80,-80,-0.298390991,0.033458519,0.063762851
40,60,-80,-0.312040093,0.023161542,0.0653221
40,40,-80,-0.321232022,0.01450638,0.065495
40,20,-80,-0.326513439,0.006974272,0.065324026
40,0,-80,-0.328234675,2.36532E-05,0.065229346
40,-20,-80,-0.326513439,-0.006974272,0.065324026
40,-40,-80,-0.321232022,-0.01450638,0.065495
40,-60,-80,-0.312040093,-0.023161542,0.0653221
40,-80,-80,-0.298390991,-0.033458519,0.063762851
40,-100,-80,-0.279733175,-0.04497857,0.059070928
40,100,-60,-0.248287516,0.038972212,0.053695412
40,80,-60,-0.265364384,0.030418215,0.057919709
40,60,-60,-0.278304752,0.02201964,0.060182502
40,40,-60,-0.287273902,0.014204427,0.061204261
40,20,-60,-0.292523701,0.0069372,0.061592501
40,0,-60,-0.294249608,2.64197E-05,0.061686766
40,-20,-60,-0.292523701,-0.0069372,0.061592501
40,-40,-60,-0.287273902,-0.014204427,0.061204261
40,-60,-60,-0.278304752,-0.02201964,0.060182502
40,-80,-60,-0.265364384,-0.030418215,0.057919709
40,-100,-60,-0.248287516,-0.038972212,0.053695412
40,100,-40,-0.221345099,0.034088911,0.049003914
40,80,-40,-0.236721087,0.027342607,0.052708185
40,60,-40,-0.248651904,0.020326991,0.055076797
40,40,-40,-0.2570929,0.013382997,0.056433779
40,20,-40,-0.262105638,0.00661532,0.057103752
40,0,-40,-0.263765214,2.88057E-05,0.057302616
40,-20,-40,-0.262105638,-0.00661532,0.057103752
40,-40,-40,-0.2570929,-0.013382997,0.056433779
40,-60,-40,-0.248651904,-0.020326991,0.055076797
40,-80,-40,-0.236721087,-0.027342607,0.052708185
40,-100,-40,-0.221345099,-0.034088911,0.049003914
40,100,-20,-0.197349851,0.030006816,0.045011689
40,80,-20,-0.211129139,0.02447681,0.048259352
40,60,-20,-0.221991527,0.018499938,0.050530488
40,40,-20,-0.229785096,0.012344366,0.051972908
40,20,-20,-0.234461304,0.006152744,0.052754808
40,0,-20,-0.236017069,3.06418E-05,0.053000577
40,-20,-20,-0.234461304,-0.006152744,0.052754808
40,-40,-20,-0.229785096,-0.012344366,0.051972908
40,-60,-20,-0.221991527,-0.018499938,0.050530488
40,-80,-20,-0.211129139,-0.02447681,0.048259352
40,-100,-20,-0.197349851,-0.030006816,0.045011689
40,100,0,-0.175454427,0.026510325,0.041688731
40,80,0,-0.18778242,0.021864552,0.044565341
40,60,0,-0.197606861,0.016704899,0.046683402
40,40,0,-0.204724314,0.01124579,0.048104621
40,20,0,-0.209025396,0.005636402,0.048912332
40,0,0,-0.210461178,3.17915E-05,0.04917257
40,-20,0,-0.209025396,-0.005636402,0.048912332
40,-40,0,-0.204724314,-0.01124579,0.048104621
40,-60,0,-0.197606861,-0.016704899,0.046683402
40,-80,0,-0.18778242,-0.021864552,0.044565341
40,-100,0,-0.175454427,-0.026510325,0.041688731
40,100,20,-0.155144894,0.023443451,0.038894937
40,80,20,-0.166151299,0.019484283,0.041482781
40,60,20,-0.174991249,0.014997184,0.04345011
40,40,20,-0.181439894,0.010157431,0.044813385
40,20,20,-0.18535667,0.005109928,0.045608888
40,0,20,-0.186667109,3.21676E-05,0.0458691
40,-20,20,-0.18535667,-0.005109928,0.045608888
40,-40,20,-0.181439894,-0.010157431,0.044813385
40,-60,20,-0.174991249,-0.014997184,0.04345011
40,-80,20,-0.166151299,-0.019484283,0.041482781
40,-100,20,-0.155144894,-0.023443451,0.038894937
40,100,40,-0.136116761,0.020692878,0.036443943
40,80,40,-0.145903234,0.017296656,0.038810353
40,60,40,-0.15381004,0.013385049,0.040647122
40,40,40,-0.159608036,0.009104918,0.041946004
40,20,40,-0.163142798,0.00459232,0.042715987
40,0,40,-0.164327245,3.17429E-05,0.042970228
40,-20,40,-0.163142798,-0.00459232,0.042715987
40,-40,40,-0.159608036,-0.009104918,0.041946004
40,-60,40,-0.15381004,-0.013385049,0.040647122
40,-80,40,-0.145903234,-0.017296656,0.038810353
40,-100,40,-0.136116761,-0.020692878,0.036443943
40,100,60,-0.118220753,0.018180392,0.03415243
40,80,60,-0.126865195,0.015264624,0.036344647
40,60,60,-0.133882336,0.011861025,0.038070577
40,40,60,-0.139049162,0.008094611,0.03930785
40,20,60,-0.142208138,0.004090518,0.040048889
40,0,60,-0.143267883,3.05517E-05,0.040294777
40,-20,60,-0.142208138,-0.004090518,0.040048889
40,-40,60,-0.139049162,-0.008094611,0.03930785
40,-60,60,-0.133882336,-0.011861025,0.038070577
40,-80,60,-0.126865195,-0.015264624,0.036344647
40,-100,60,-0.118220753,-0.018180392,0.03415243
40,100,80,-0.101424404,0.015857474,0.031870915
40,80,80,-0.108990033,0.013362728,0.033915727
40,60,80,-0.115155619,0.010417139,0.035542418
40,40,80,-0.119710655,0.007127416,0.036719676
40,20,80,-0.12250207,0.003607069,0.037430211
40,0,80,-0.123439343,2.86846E-05,0.037666628
40,-20,80,-0.12250207,-0.003607069,0.037430211
40,-40,80,-0.119710655,-0.007127416,0.036719676
40,-60,80,-0.115155619,-0.010417139,0.035542418
40,-80,80,-0.108990033,-0.013362728,0.033915727
40,-100,80,-0.101424404,-0.015857474,0.031870915
40,100,100,-0.085774199,0.013699864,0.029499883
40,80,100,-0.092319518,0.011579343,0.031406576
40,60,100,-0.097671436,0.009051064,0.032935977
40,40,100,-0.101636108,0.006205495,0.03405042
40,20,100,-0.104070704,0.003144208,0.034727022
40,0,100,-0.104888788,2.62765E-05,0.03495254
40,-20,100,-0.104070704,-0.003144208,0.034727022
40,-40,100,-0.101636108,-0.006205495,0.03405042
40,-60,100,-0.097671436,-0.009051064,0.032935977
40,-80,100,-0.092319518,-0.011579343,0.031406576
40,-100,100,-0.085774199,-0.013699864,0.029499883
60,100,-100,-0.317400596,0.073166913,0.110990815
60,80,-100,-0.335970902,0.051097951,0.115593546
60,60,-100,-0.349049389,0.033603429,0.113690947
60,40,-100,-0.357631165,0.020503948,0.111343779
60,20,-100,-0.362489077,0.009733117,0.10974736
60,0,-100,-0.364060706,3.16601E-05,0.109192609
60,-20,-100,-0.362489077,-0.009733117,0.10974736
60,-40,-100,-0.357631165,-0.020503948,0.111343779
60,-60,-100,-0.349049389,-0.033603429,0.113690947
60,-80,-100,-0.335970902,-0.051097951,0.115593546
60,-100,-100,-0.317400596,-0.073166913,0.110990815
60,100,-80,-0.284253532,0.06584688,0.094721071
60,80,-80,-0.302401339,0.049293314,0.100546898
60,60,-80,-0.315753465,0.034343544,0.102410298
60,40,-80,-0.32478062,0.021590647,0.102512193
60,20,-80,-0.329976374,0.01039676,0.102203441
60,0,-80,-0.331670147,3.64254E-05,0.102048726
60,-20,-80,-0.329976374,-0.01039676,0.102203441
60,-40,-80,-0.32478062,-0.021590647,0.102512193
60,-60,-80,-0.315753465,-0.034343544,0.102410298
60,-80,-80,-0.302401339,-0.049293314,0.100546898
60,-100,-80,-0.284253532,-0.06584688,0.094721071
60,100,-60,-0.251271526,0.057969205,0.083229854
60,80,-60,-0.268182845,0.0453203,0.088987453
60,60,-60,-0.281018683,0.032871641,0.092067925
60,40,-60,-0.289922961,0.021232944,0.09345131
60,20,-60,-0.2951353,0.010375663,0.093967916
60,0,-60,-0.296847969,4.09174E-05,0.094090659
60,-20,-60,-0.2951353,-0.010375663,0.093967916
60,-40,-60,-0.289922961,-0.021232944,0.09345131
60,-60,-60,-0.281018683,-0.032871641,0.092067925
60,-80,-60,-0.268182845,-0.0453203,0.088987453
60,-100,-60,-0.251271526,-0.057969205,0.083229854
60,100,-40,-0.223502881,0.051155955,0.074611667
60,80,-40,-0.238982471,0.041036662,0.079866687
60,60,-40,-0.250984911,0.03051664,0.083219571
60,40,-40,-0.259467878,0.020094942,0.085134636
60,20,-40,-0.264500752,0.009932847,0.086076516
60,0,-40,-0.266165207,4.48349E-05,0.086355337
60,-20,-40,-0.264500752,-0.009932847,0.086076516
60,-40,-40,-0.259467878,-0.020094942,0.085134636
60,-60,-40,-0.250984911,-0.03051664,0.083219571
60,-80,-40,-0.238982471,-0.041036662,0.079866687
60,-100,-40,-0.223502881,-0.051155955,0.074611667
60,100,-20,-0.199151934,0.045294584,0.067993549
60,80,-20,-0.213221522,0.036934987,0.072690632
60,60,-20,-0.224295371,0.027908825,0.075963867
60,40,-20,-0.232227995,0.018617408,0.078035052
60,20,-20,-0.236980822,0.009276774,0.079154096
60,0,-20,-0.238560069,4.78916E-05,0.079505249
60,-20,-20,-0.236980822,-0.009276774,0.079154096
60,-40,-20,-0.232227995,-0.018617408,0.078035052
60,-60,-20,-0.224295371,-0.027908825,0.075963867
60,-80,-20,-0.213221522,-0.036934987,0.072690632
60,-100,-20,-0.199151934,-0.045294584,0.067993549
60,100,0,-0.177056522,0.040195499,0.062832221
60,80,0,-0.189799422,0.033140586,0.067044293
60,60,0,-0.199939511,0.025310886,0.070133452
60,40,0,-0.207274648,0.017033099,0.07219849
60,20,0,-0.211701072,0.008533945,0.073368316
60,0,0,-0.213176844,4.98516E-05,0.073744873
60,-20,0,-0.211701072,-0.008533945,0.073368316
60,-40,0,-0.207274648,-0.017033099,0.07219849
60,-60,0,-0.199939511,-0.025310886,0.070133452
60,-80,0,-0.189799422,-0.033140586,0.067044293
60,-100,0,-0.177056522,-0.040195499,0.062832221
60,100,20,-0.156509444,0.035672516,0.058668507
60,80,20,-0.168005029,0.029644277,0.062498263
60,60,20,-0.17722997,0.022811767,0.065398756
60,40,20,-0.183952435,0.015445749,0.067401802
60,20,20,-0.188031137,0.007767848,0.068567262
60,0,20,-0.189394211,5.05588E-05,0.068948154
60,-20,20,-0.188031137,-0.007767848,0.068567262
60,-40,20,-0.183952435,-0.015445749,0.067401802
60,-60,20,-0.17722997,-0.022811767,0.065398756
60,-80,20,-0.168005029,-0.029644277,0.062498263
60,-100,20,-0.156509444,-0.035672516,0.058668507
60,100,40,-0.137122722,0.03157404,0.055091058
60,80,40,-0.147428999,0.026396144,0.058630202
60,60,40,-0.155755611,0.02042612,0.061368212
60,40,40,-0.161859029,0.013892764,0.063298955
60,20,40,-0.165577787,0.007005649,0.064440791
60,0,40,-0.166822828,4.9957E-05,0.064817471
60,-20,40,-0.165577787,-0.007005649,0.064440791
60,-40,40,-0.161859029,-0.013892764,0.063298955
60,-60,40,-0.155755611,-0.02042612,0.061368212
60,-80,40,-0.147428999,-0.026396144,0.058630202
60,-100,40,-0.137122722,-0.03157404,0.055091058
60,100,60,-0.118738099,0.027792207,0.051752016
60,80,60,-0.127894308,0.023346178,0.055064541
60,60,60,-0.135333605,0.01814502,0.057665966
60,40,60,-0.140812814,0.012383999,0.059526575
60,20,60,-0.144162786,0.006257495,0.060639064
60,0,60,-0.145286015,4.80954E-05,0.061007937
60,-20,60,-0.144162786,-0.006257495,0.060639064
60,-40,60,-0.140812814,-0.012383999,0.059526575
60,-60,60,-0.135333605,-0.01814502,0.057665966
60,-80,60,-0.127894308,-0.023346178,0.055064541
60,-100,60,-0.118738099,-0.027792207,0.051752016
60,100,80,-0.101359451,0.024261823,0.048387251
60,80,80,-0.109396055,0.020461746,0.051506293
60,60,80,-0.115957512,0.015959782,0.053983642
60,40,80,-0.120809831,0.010922778,0.055773454
60,20,80,-0.12378504,0.005527959,0.056852142
60,0,80,-0.124783867,4.512E-05,0.057211003
60,-20,80,-0.12378504,-0.005527959,0.056852142
60,-40,80,-0.120809831,-0.010922778,0.055773454
60,-60,80,-0.115957512,-0.015959782,0.053983642
60,-80,80,-0.109396055,-0.020461746,0.051506293
60,-100,80,-0.101359451,-0.024261823,0.048387251
60,100,100,-0.085093399,0.020955024,0.04482986
60,80,100,-0.0920436,0.017732139,0.047761314
60,60,100,-0.097742212,0.013871656,0.0501108
60,40,100,-0.101971138,0.009515334,0.05182126
60,20,100,-0.104570589,0.004821956,0.052858291
60,0,100,-0.105444195,4.12533E-05,0.053204056
60,-20,100,-0.104570589,-0.004821956,0.052858291
60,-40,100,-0.101971138,-0.009515334,0.05182126
60,-60,100,-0.097742212,-0.013871656,0.0501108
60,-80,100,-0.0920436,-0.017732139,0.047761314
60,-100,100,-0.085093399,-0.020955024,0.04482986
80,100,-100,-0.319334669,0.094731293,0.156506361
80,80,-100,-0.33807854,0.066737877,0.161314005
80,60,-100,-0.351104806,0.044190714,0.158535305
80,40,-100,-0.359547824,0.02704466,0.155357235
80,20,-100,-0.364289387,0.012849826,0.153222396
80,0,-100,-0.365816356,4.32498E-05,0.152482904
80,-20,-100,-0.364289387,-0.012849826,0.153222396
80,-40,-100,-0.359547824,-0.02704466,0.155357235
80,-60,-100,-0.351104806,-0.044190714,0.158535305
80,-80,-100,-0.33807854,-0.066737877,0.161314005
80,-100,-100,-0.319334669,-0.094731293,0.156506361
80,100,-80,-0.286068271,0.086426812,0.131240499
80,80,-80,-0.304230861,0.06492923,0.138058992
80,60,-80,-0.317509825,0.045368648,0.140125042
80,40,-80,-0.326419191,0.028560768,0.140089134
80,20,-80,-0.331516453,0.013757657,0.13960614
80,0,-80,-0.333171721,5.02073E-05,0.139379846
80,-20,-80,-0.331516453,-0.013757657,0.13960614
80,-40,-80,-0.326419191,-0.028560768,0.140089134
80,-60,-80,-0.317509825,-0.045368648,0.140125042
80,-80,-80,-0.304230861,-0.06492923,0.138058992
80,-100,-80,-0.286068271,-0.086426812,0.131240499
80,100,-60,-0.253147161,0.076936413,0.113289712
80,80,-60,-0.270163995,0.060188157,0.120343217
80,60,-60,-0.283020057,0.043677689,0.124080817
80,40,-60,-0.291887695,0.028214935,0.125720631
80,20,-60,-0.29705376,0.013784223,0.126306016
80,0,-60,-0.298745485,5.68638E-05,0.126437826
80,-20,-60,-0.29705376,-0.013784223,0.126306016
80,-40,-60,-0.291887695,-0.028214935,0.125720631
80,-60,-60,-0.283020057,-0.043677689,0.124080817
80,-80,-60,-0.270163995,-0.060188157,0.120343217
80,-100,-60,-0.253147161,-0.076936413,0.113289712
80,100,-40,-0.225594838,0.068462618,0.100385827
80,80,-40,-0.241377928,0.054891572,0.106975795
80,60,-40,-0.253559729,0.040797153,0.111149148
80,40,-40,-0.262126048,0.026847919,0.113507601
80,20,-40,-0.267186752,0.013263032,0.114653104
80,0,-40,-0.268855193,6.27639E-05,0.114989005
80,-20,-40,-0.267186752,-0.013263032,0.114653104
80,-40,-40,-0.262126048,-0.026847919,0.113507601
80,-60,-40,-0.253559729,-0.040797153,0.111149148
80,-80,-40,-0.241377928,-0.054891572,0.106975795
80,-100,-40,-0.225594838,-0.068462618,0.100385827
80,100,-20,-0.201472872,0.061032911,0.091025088
80,80,-20,-0.216047276,0.049727296,0.097003741
80,60,-20,-0.227469353,0.037541348,0.101138572
80,40,-20,-0.235614827,0.025021483,0.103732859
80,20,-20,-0.240476732,0.01245876,0.105123257
80,0,-20,-0.242087421,6.74625E-05,0.105557226
80,-20,-20,-0.240476732,-0.01245876,0.105123257
80,-40,-20,-0.235614827,-0.025021483,0.103732859
80,-60,-20,-0.227469353,-0.037541348,0.101138572
80,-80,-20,-0.216047276,-0.049727296,0.097003741
80,-100,-20,-0.201472872,-0.061032911,0.091025088
80,100,0,-0.179445304,0.054478601,0.084110764
80,80,0,-0.19285425,0.044885109,0.089542885
80,60,0,-0.20348817,0.034251869,0.093497489
80,40,0,-0.211152761,0.02303103,0.09612137
80,20,0,-0.215763806,0.011530868,0.097598305
80,0,0,-0.217296864,7.05785E-05,0.098071838
80,-20,0,-0.215763806,-0.011530868,0.097598305
80,-40,0,-0.211152761,-0.02303103,0.09612137
80,-60,0,-0.20348817,-0.034251869,0.093497489
80,-80,0,-0.19285425,-0.044885109,0.089542885
80,-100,0,-0.179445304,-0.054478601,0.084110764
80,100,20,-0.158696491,0.048586864,0.078764181
80,80,20,-0.170963304,0.040362022,0.083773159
80,60,20,-0.180786604,0.031041671,0.087541568
80,40,20,-0.187927405,0.021005259,0.090127311
80,20,20,-0.192250449,0.010557675,0.091624251
80,0,20,-0.19369186,7.18455E-05,0.092111632
80,-20,20,-0.192250449,-0.010557675,0.091624251
80,-40,20,-0.187927405,-0.021005259,0.090127311
80,-60,20,-0.180786604,-0.031041671,0.087541568
80,-80,20,-0.170963304,-0.040362022,0.083773159
80,-100,20,-0.158696491,-0.048586864,0.078764181
80,100,40,-0.138812425,0.043171569,0.074264773
80,80,40,-0.149934555,0.036095635,0.078964179
80,60,40,-0.158914729,0.027926966,0.082580342
80,40,40,-0.165489188,0.018988474,0.085117034
80,20,40,-0.16948985,0.009571507,0.086611461
80,0,40,-0.170826856,7.11498E-05,0.087102694
80,-20,40,-0.16948985,-0.009571507,0.086611461
80,-40,40,-0.165489188,-0.018988474,0.085117034
80,-60,40,-0.158914729,-0.027926966,0.082580342
80,-80,40,-0.149934555,-0.036095635,0.078964179
80,-100,40,-0.138812425,-0.043171569,0.074264773
80,100,60,-0.11967591,0.038100404,0.070042255
80,80,60,-0.129634127,0.032025047,0.074508056
80,60,60,-0.137731885,0.024896761,0.07800114
80,40,60,-0.143696203,0.016992468,0.080489791
80,20,60,-0.147341358,0.008584619,0.081973637
80,0,60,-0.148561734,6.85475E-05,0.082463884
80,-20,60,-0.147341358,-0.008584619,0.081973637
80,-40,60,-0.143696203,-0.016992468,0.080489791
80,-60,60,-0.137731885,-0.024896761,0.07800114
80,-80,60,-0.129634127,-0.032025047,0.074508056
80,-100,60,-0.11967591,-0.038100404,0.070042255
80,100,80,-0.101376952,0.033299449,0.065683607
80,80,80,-0.11015042,0.028115912,0.069947592
80,60,80,-0.117329755,0.021945157,0.073324895
80,40,80,-0.122645278,0.015024531,0.075758522
80,20,80,-0.125906027,0.007604261,0.077222418
80,0,80,-0.126999442,6.42529E-05,0.077707654
80,-20,80,-0.125906027,-0.007604261,0.077222418
80,-40,80,-0.122645278,-0.015024531,0.075758522
80,-60,80,-0.117329755,-0.021945157,0.073324895
80,-80,80,-0.11015042,-0.028115912,0.069947592
80,-100,80,-0.101376952,-0.033299449,0.065683607
80,100,100,-0.084132842,0.028747372,0.060939657
80,80,100,-0.091714165,0.024366459,0.064993904
80,60,100,-0.097953175,0.019083104,0.068237782
80,40,100,-0.102593911,0.013099188,0.070595929
80,20,100,-0.105449933,0.006639897,0.072023861
80,0,100,-0.106409118,5.86032E-05,0.07249842
80,-20,100,-0.105449933,-0.006639897,0.072023861
80,-40,100,-0.102593911,-0.013099188,0.070595929
80,-60,100,-0.097953175,-0.019083104,0.068237782
80,-80,100,-0.091714165,-0.024366459,0.064993904
80,-100,100,-0.084132842,-0.028747372,0.060939657
100,100,-100,-0.317146447,0.116994486,0.201694447
100,80,-100,-0.336592316,0.082599952,0.207339469
100,60,-100,-0.349665405,0.054667769,0.203792911
100,40,-100,-0.357885779,0.03340664,0.199800935
100,20,-100,-0.362414014,0.015851125,0.197130156
100,0,-100,-0.363857924,5.53789E-05,0.196206251
100,-20,-100,-0.362414014,-0.015851125,0.197130156
100,-40,-100,-0.357885779,-0.03340664,0.199800935
100,-60,-100,-0.349665405,-0.054667769,0.203792911
100,-80,-100,-0.336592316,-0.082599952,0.207339469
100,-100,-100,-0.317146447,-0.116994486,0.201694447
100,100,-80,-0.285048471,0.107305327,0.166990307
100,80,-80,-0.303519135,0.080634658,0.174929195
100,60,-80,-0.316762152,0.05628301,0.17719336
100,40,-80,-0.325469562,0.035375768,0.176966946
100,20,-80,-0.330378842,0.017017508,0.176268037
100,0,-80,-0.331960076,6.50515E-05,0.175955588
100,-20,-80,-0.330378842,-0.017017508,0.176268037
100,-40,-80,-0.325469562,-0.035375768,0.176966946
100,-60,-80,-0.316762152,-0.05628301,0.17719336
100,-80,-80,-0.303519135,-0.080634658,0.174929195
100,-100,-80,-0.285048471,-0.107305327,0.166990307
100,100,-60,-0.253799808,0.096208295,0.142471337
100,80,-60,-0.271114813,0.075179769,0.150681166
100,60,-60,-0.284016804,0.054464958,0.154937353
100,40,-60,-0.292788518,0.035120406,0.156714621
100,20,-60,-0.29783986,0.017133084,0.157291069
100,0,-60,-0.29948272,7.44905E-05,0.15740579
100,-20,-60,-0.29783986,-0.017133084,0.157291069
100,-40,-60,-0.292788518,-0.035120406,0.156714621
100,-60,-60,-0.284016804,-0.054464958,0.154937353
100,-80,-60,-0.271114813,-0.075179769,0.150681166
100,-100,-60,-0.253799808,-0.096208295,0.142471337
100,100,-40,-0.227741412,0.086277219,0.125404326
100,80,-40,-0.244030146,0.069053887,0.133106183
100,60,-40,-0.256460012,0.05121852,0.137904222
100,40,-40,-0.265098703,0.033640424,0.140552243
100,20,-40,-0.270153194,0.016593479,0.141803706
100,0,-40,-0.271809528,8.3047E-05,0.14216366
100,-20,-40,-0.270153194,-0.016593479,0.141803706
100,-40,-40,-0.265098703,-0.033640424,0.140552243
100,-60,-40,-0.256460012,-0.05121852,0.137904222
100,-80,-40,-0.244030146,-0.069053887,0.133106183
100,-100,-40,-0.227741412,-0.086277219,0.125404326
100,100,-20,-0.204649917,0.077510858,0.113604751
100,80,-20,-0.219987644,0.063039959,0.120651744
100,60,-20,-0.231896764,0.047495927,0.125454402
100,40,-20,-0.240307463,0.031595911,0.128415365
100,20,-20,-0.2452876,0.015709138,0.129976336
100,0,-20,-0.246928802,9.00582E-05,0.13045866
100,-20,-20,-0.2452876,-0.015709138,0.129976336
100,-40,-20,-0.240307463,-0.031595911,0.128415365
100,-60,-20,-0.231896764,-0.047495927,0.125454402
100,-80,-20,-0.219987644,-0.063039959,0.120651744
100,-100,-20,-0.204649917,-0.077510858,0.113604751
100,100,0,-0.183068922,0.069690492,0.105347607
100,80,0,-0.197466367,0.057336997,0.111838357
100,60,0,-0.208805902,0.043680546,0.116500841
100,40,0,-0.216918847,0.029323114,0.119550311
100,20,0,-0.221769112,0.01466197,0.121245376
100,0,0,-0.223374511,9.49219E-05,0.121785051
100,-20,0,-0.221769112,-0.01466197,0.121245376
100,-40,0,-0.216918847,-0.029323114,0.119550311
100,-60,0,-0.208805902,-0.043680546,0.116500841
100,-80,0,-0.197466367,-0.057336997,0.111838357
100,-100,0,-0.183068922,-0.069690492,0.105347607
100,100,20,-0.162163403,0.062549557,0.099251668
100,80,20,-0.175572593,0.051919563,0.105348112
100,60,20,-0.186264692,0.039885208,0.109882449
100,40,20,-0.193999094,0.026957776,0.112958072
100,20,20,-0.198661003,0.013535812,0.114721232
100,0,20,-0.200209947,9.71782E-05,0.115292106
100,-20,20,-0.198661003,-0.013535812,0.114721232
100,-40,20,-0.193999094,-0.026957776,0.112958072
100,-60,20,-0.186264692,-0.039885208,0.109882449
100,-80,20,-0.175572593,-0.051919563,0.105348112
100,-100,20,-0.162163403,-0.062549557,0.099251668
100,100,40,-0.141576847,0.055859871,0.094215501
100,80,40,-0.153908303,0.046700368,0.100056968
100,60,40,-0.163846767,0.036114313,0.104512384
100,40,40,-0.17110414,0.024539458,0.107610735
100,20,40,-0.175509035,0.012361441,0.109423082
100,0,40,-0.176977514,9.65918E-05,0.110016203
100,-20,40,-0.175509035,-0.012361441,0.109423082
100,-40,40,-0.17110414,-0.024539458,0.107610735
100,-60,40,-0.163846767,-0.036114313,0.104512384
100,-80,40,-0.153908303,-0.046700368,0.100056968
100,-100,40,-0.141576847,-0.055859871,0.094215501
100,100,60,-0.121309094,0.049467181,0.089392655
100,80,60,-0.132456901,0.041606777,0.095061879
100,60,60,-0.14152514,0.032351349,0.099468514
100,40,60,-0.148200204,0.022077764,0.102589041
100,20,60,-0.152275604,0.011150347,0.104440777
100,0,60,-0.153638021,9.32021E-05,0.105050891
100,-20,60,-0.152275604,-0.011150347,0.104440777
100,-40,60,-0.148200204,-0.022077764,0.102589041
100,-60,60,-0.14152514,-0.032351349,0.099468514
100,-80,60,-0.132456901,-0.041606777,0.095061879
100,-100,60,-0.121309094,-0.049467181,0.089392655
100,100,80,-0.101609005,0.043298033,0.084187328
100,80,80,-0.111475371,0.036609683,0.089703951
100,60,80,-0.119567625,0.028597873,0.094055244
100,40,80,-0.125565245,0.019586687,0.097178238
100,20,80,-0.129245361,0.00991354,0.099051063
100,0,80,-0.130478572,8.73109E-05,0.099671017
100,-20,80,-0.129245361,-0.00991354,0.099051063
100,-40,80,-0.125565245,-0.019586687,0.097178238
100,-60,80,-0.119567625,-0.028597873,0.094055244
100,-80,80,-0.111475371,-0.036609683,0.089703951
100,-100,80,-0.101609005,-0.043298033,0.084187328
100,100,100,-0.082876449,0.037351287,0.078253535
100,80,100,-0.091391709,0.031727874,0.083581531
100,60,100,-0.098429236,0.024883938,0.087833991
100,40,100,-0.103677364,0.017095585,0.090917773
100,20,100,-0.106911585,0.008668517,0.09278157
100,0,100,-0.107997859,7.94165E-05,0.093400683
100,-20,100,-0.106911585,-0.008668517,0.09278157
100,-40,100,-0.103677364,-0.017095585,0.090917773
100,-60,100,-0.098429236,-0.024883938,0.087833991
100,-80,100,-0.091391709,-0.031727874,0.083581531
100,-100,100,-0.082876449,-0.037351287,0.078253535
